region,revenue_channel_affiliate,revenue_channel_direct,revenue_channel_email,revenue_channel_social media,revenue_channel_unknown
APAC,4131.28,468554.84,46946.37,5336.7,6256.92
EMEA,81939.18000000001,2220714.5,223626.14,24776.65,11519.210000000001
LATAM,0.0,76144.58,8782.61,718.6700000000001,195.54
NA,134062.4,2443282.61,331758.14,38694.35,20298.760000000002
unknown,2295.45,1162.13,69.46000000000001,0.0,0.0
