account_creation_method_cleaned,revenue,orders,unique_customers,aov
desktop,4778185.51,16458,14900,290.32601227366627
mobile,1042855.87,4232,3992,246.42151937618146
tablet,69526.37,323,304,215.25191950464395
tv,5212.2,25,22,208.488
unknown,255486.54,826,746,309.30573849878937
