marketing_channel_cleaned,total_revenue,total_orders,unique_customers,aov,revenue_share_%,orders_share_%,revenue_per_customer,orders_per_customer,revenue_rank,aov_rank,revenue_platform_mobile app,revenue_platform_website,avg_monthly_growth_%,cmgr_%,avg_yoy_growth_%,avg_seasonal_change_%
affiliate,222428.31,721,648,308.4997364771151,3.615975837847338,3.2976582510062205,343.2535648148148,1.1126543209876543,3,1,3049.92,219378.39,20.547527328456855,-3.036190605708178,114.17244531039462,13.730340500349076
direct,5209858.66,17434,15794,298.8332373523001,84.69570727377153,79.73838272960117,329.86315436241614,1.1038369000886412,1,2,43635.81,5166222.85,7.218655606375452,3.520200688297015,147.30260977951926,8.55597317748635
email,611182.72,3256,2985,187.70968058968057,9.935884276735344,14.892060007317964,204.75132998324958,1.090787269681742,2,5,97864.24,513318.48,19.917223230191556,7.748709140252674,244.4480284484247,10.832588921900276
social media,69526.37,323,304,215.25191950464395,1.1302773195248121,1.4773143066227588,228.7051644736842,1.0625,4,4,8368.86,61157.51,25.85053818039861,1.4163821841636226,172.2465411330157,19.65206717828588
unknown,38270.43,130,120,294.3879230769231,0.622155292120989,0.5945847054518844,318.92025,1.0833333333333333,5,3,1023.24,37247.19,73.03205501184132,17.682585614379718,1611.629152766661,57.82351782831159
