product_name_cleaned,avg_revenue,dec_revenue,december_vs_avg_%
27in 4k gaming monitor,75714.05153846154,114003.505,50.57
jbl quantum 100 gaming headset,3562.8766666666666,5099.18,43.12
lenovo ideapad gaming 3,28288.71384615385,49831.155,76.15
nintendo switch,63796.83269230769,92555.22,45.08
sony playstation 5 bundle,61124.76346153847,94817.945,55.12
